{
  "localhost" : {
    "transaction" : "localhost",
    "sampleCount" : 2000,
    "errorCount" : 0,
    "errorPct" : 0.0,
    "meanResTime" : 72.4150000000001,
    "medianResTime" : 2.0,
    "minResTime" : 1.0,
    "maxResTime" : 667.0,
    "pct1ResTime" : 397.0,
    "pct2ResTime" : 600.8999999999996,
    "pct3ResTime" : 655.0,
    "throughput" : 355.42918073573844,
    "receivedKBytesPerSec" : 94.91659909809846,
    "sentKBytesPerSec" : 76.70883685800605
  },
  "Total" : {
    "transaction" : "Total",
    "sampleCount" : 2000,
    "errorCount" : 0,
    "errorPct" : 0.0,
    "meanResTime" : 72.4150000000001,
    "medianResTime" : 2.0,
    "minResTime" : 1.0,
    "maxResTime" : 667.0,
    "pct1ResTime" : 397.0,
    "pct2ResTime" : 600.8999999999996,
    "pct3ResTime" : 655.0,
    "throughput" : 355.42918073573844,
    "receivedKBytesPerSec" : 94.91659909809846,
    "sentKBytesPerSec" : 76.70883685800605
  }
}